Gene,Chromosome,gDNA,cDNA,Protein,Effect,Type
ABL1,9,g.130862955_130863035del,c.742_822del,p.L248_K274del,inframe,deletion
ALK,2,g.29220745_29220747del,c.3604_3606del,p.G1202del,inframe,deletion
APC,5,g.112839521_112839525delAAAGA,c.3927_3931delAAAGA,p.E1309Dfs,frameshift,deletion
ATM,11,g.108329209_108329214delCCTTAG,c.7278_7283del6,p.L2427_R2428del,inframe,deletion
ATM,11,g.108331887_108331895delTAGAATTTC,c.7638_7646del9,p.R2547_S2549del3,inframe,deletion
BAP1,3,g.52403431delG,c.1717delC,p.L573Wfs,frameshift,deletion
BCL10,1,g.85270835delT,c.136delA,p.I46Yfs,frameshift,deletion
BCL10,1,g.85270835dupT,c.136dupA,p.I46Nfs,frameshift,duplication
BCL10,1,g.85270803dupT,c.163dupA,p.I55Nfs,frameshift,duplication
BCL10,1,g.85270736dupT,c.231dupA,p.G78Rfs,frameshift,duplication
BCL10,1,g.85270621delT,c.345delA,p.G116Dfs,frameshift,deletion
BCL10,1,g.85267931dupA,c.398dupT,p.S134Lfs,frameshift,duplication
BCL10,1,g.85267921delT,c.410delA,p.N137Ifs,frameshift,deletion
BCL10,1,g.85267902_85267903dupAA,c.427_428dupTT,p.E145Lfs,frameshift,duplication
BCL10,1,g.85267836dupA,c.499dupT,p.S167Pfs,frameshift,duplication
BCL10,1,g.85267788_85267804del17,c.525_541del17,p.V176Nfs,frameshift,deletion
BCL10,1,g.85267700_85267702delTCT,c.635_637delAAG,p.E212del,inframe,deletion
BRAF,7,g.140781601_140781603delTCC,c.1405_1407delGGA,p.G469del,inframe,deletion
BRAF,7,g.140778038_140778052del,c.1456_1470del,p.N486_P490del,inframe,deletion
BRAF,7,g.140778032_140778046del,c.1462_1476del,p.T488_P492del,inframe,deletion
BRAF,7,g.140778029_140778046delinsCTT,c.1462_1479delinsAAG,p.T488_Q493delinsK,inframe,indel
BRAF,7,g.140778026_140778040del,c.1468_1482del,p.P490_Q494del,inframe,deletion
BRAF,7,g.140777090_140777091ins9,c.1518_1519ins9,p.R506_K507insVLR,inframe,insertion
BRAF,7,g.140753338_140753355dup18,c.1781_1798dup18,p.V600delinsDFGLAT,inframe,duplication
BRAF,7,g.140753340_140753342dupTAG,c.1794_1796dupTAC,p.T599_V600insT,inframe,duplication
BRAF,7,g.140753339_140753340insAAC,c.1795_1796insGTT,p.A598_T599insV,inframe,insertion
BRAF,7,g.140753326_140753340delinsGAT,c.1795_1809delinsATC,p.T599_R603delinsI,inframe,indel
BRAF,7,g.140753335_140753337delinsCATATA,c.1798_1800delinsTATATG,p.V600delinsYM,inframe,indel
BRAF,7,g.140753334_140753336delTCA,c.1799_1801delTGA,p.V600_K601delinsE,inframe,deletion
BRCA1,17,g.43094318_43094357del40,c.1175_1214del40,p.L392Qfs,frameshift,deletion
BRCA1,17,g.43094330delC,c.1204delG,p.E402Sfs,frameshift,deletion
BRCA1,17,g.43093463delT,c.2068delA,p.K690fs,frameshift,deletion
BRCA1,17,g.43093376dupT,c.2155_2156insA,p.K719delinsKRfs,frameshift,insertion
BRCA1,17,g.43092852_43092855delCTTT,c.2679_2682delGAAA,p.K893Nfs,frameshift,deletion
BRCA1,17,g.43092042_43092052del11,c.3481_3491delGAAGATACTAG,p.E1161Pfs,frameshift,deletion
BRCA1,17,g.43091777_43091780delGACA,c.3756_3759delGTCT,p.S1253Rfs*10,frameshift,deletion
BRCA1,17,g.43091463_43091466delTTGA,c.4065_4068delTCAA,p.N1355fs,frameshift,deletion
BRCA1,17,g.43067622_43067624delACA,c.5062_5064delGTT,p.V1688del,inframe,deletion
BRCA1,17,g.43063891delC,c.5200delG,p.V1734Terfs,frameshift,deletion
BRCA1,17,g.43057064_43057065insC,c.5326_5327insC,p.S1776delinsSPfs,frameshift,insertion
BRCA1,17,g.43051077dupG,c.5382dupC,p.N1795Qfs*56,frameshift,duplication
BRCA1,17,g.43045712dupT,c.5621_5622insA,p.Y1874Terfs,frameshift,insertion
BRCA1,17,g.43124030_43124031delCT,c.66_67delAG,p.L22_E23delinsLVfs,frameshift,deletion
BRCA1,17,g.43124028_43124029delCT,c.68_69delAG,p.E23Vfs*17,frameshift,deletion
BRCA1,17,g.43094834_43094835delCA,c.697_698delGT,p.V233Nfs,frameshift,deletion
BRCA1,17,g.43094732_43094733delAA,c.797_798delTT,p.V266=fs,frameshift,deletion
BRCA2,13,g.32332667_32332668insTTAG,c.1189_1190insTTAG,p.Q397Lfs,frameshift,insertion
BRCA2,13,g.32333366dupA,c.1888dupA,p.T630Nfs,frameshift,duplication
BRCA2,13,g.32338259_32338261del,c.3904_3906del,p.T1302del,inframe,deletion
BRCA2,13,g.32338499_32338501del,c.4144_4146del,p.E1382del,inframe,deletion
BRCA2,13,g.32339705_32339706delAA,c.5350_5351delAA,p.N1784Hfs,frameshift,deletion
BRCA2,13,g.32340073_32340074delCT,c.5718_5719delCT,p.N1906_S1907fs,frameshift,deletion
BRCA2,13,g.32340301delT,c.5946delT,p.S1982Rfs*22,frameshift,deletion
BRCA2,13,g.32340553_32340554delTT,c.6198_6199delTT,p.V2066_S2067delinsVHfs,frameshift,deletion
BRCA2,13,g.32340630_32340631delTT,c.6275_6276delTT,p.L2092Pfs,frameshift,deletion
BRCA2,13,g.32379509_32379510delGA,c.8946_8947delAG,p.D2983Ffs*34,frameshift,deletion
CASP10,2,g.201209189_201209190insA,c.1042_1043insA,p.G348Efs,frameshift,insertion
CASP8,2,g.201285241_201285242delGT,c.1228_1229delGT,p.V410Pfs,frameshift,deletion
CBL,11,g.119277841_119277842ins6,c.1092_1093ins6,p.Q365_E366insSK,inframe,insertion
CBL,11,g.119278166_119278216del,c.1096_1146del,p.E366_K382del,inframe,deletion
CDKN2A,9,g.21971185_21971202del,c.157_174del,p.M53_R58del,inframe,deletion
CTNNB1,3,g.41224642_41224647del,c.130_135del,p.P44_S45del,inframe,deletion
CTNNB1,3,g.41224645_41224647del,c.133_135del,p.S45del,inframe,deletion
DICER1,14,g.95096289dupA,c.4633dupT,p.S1545Pfs,frameshift,duplication
EGFR,7,g.55173984_55173989delinsGAC,c.2125_2130delinsGAC,p.E709_T710delinsD,inframe,indel
EGFR,7,g.55174773_55174787del,c.2236_2250del,p.E746_A750del,inframe,deletion
EGFR,7,g.55174773_55174793del,c.2236_2256del,p.E746_S752del,inframe,deletion
EGFR,7,g.55174776_55174787delinsCCT,c.2239_2250delinsCCT,p.L747_A750delinsP,inframe,indel
EGFR,7,g.55174776_55174790del,c.2239_2253del,p.L747_T751del,inframe,deletion
EGFR,7,g.55174776_55174796delinsAGC,c.2239_2259delinsAGC,p.L747_P753delinsS,inframe,indel
EGFR,7,g.55181298_55181299ins6,c.2289_2290ins6,p.Y764_V765insHH,inframe,insertion
EGFR,7,g.55181304_55181305ins6,c.2295_2296ins6,p.M766_A767insAI,inframe,insertion
EGFR,7,g.55181311_55181319dup,c.2302_2310dup,p.S768_D770dupSVD,inframe,duplication
EGFR,7,g.55181316_55181317ins9,c.2307_2308ins9,p.D770_N771insNPG,inframe,insertion
EGFR,7,g.55181325_55181326ins3,c.2316_2317ins3,p.H773_V774insH,inframe,insertion
ERBB2,17,g.39724740_39724741ins12,c.2322_2323ins12,p.A775_G776insYVMA,inframe,insertion
ERBB2,17,g.39724744_39724746delinsCTTTGT,c.2326_2328delinsCTTTGT,p.G776delinsLC,inframe,indel
ERBB2,17,g.39724744_39724746delinsGTATGT,c.2326_2328delinsGTATGT,p.G776delinsVC,inframe,indel
ERBB2,17,g.39724757_39724758insGGCTCCCCA,c.2339_2340insGGCTCCCCA,p.P780_Y781insGSP,inframe,insertion
FBXW7,4,g.152411761_152411762ins3,c.45_46ins3,p.T15_G16insP,inframe,insertion
FLT3,13,g.28034127_28034128ins66,c.1794_1795ins66,p.E598_Y599insGLVQVTGSSDNEYFYVDFREYE,inframe,insertion
FLT3,13,g.28034124_28034125ins33,c.1797_1798ins33,p.Y599_D600insGLYVDFREYEY,inframe,insertion
FLT3,13,g.28034118_28034119ins21,c.1803_1804ins21,p.L601_K602insREYEYDL,inframe,insertion
FLT3,13,g.28034091_28034092ins84,c.1830_1831ins84,p.L610_E611insCSSDNEYFYVDFREYEYDLKWEFPRENL,inframe,insertion
FLT3,13,g.28034088_28034089ins72,c.1833_1834ins72,p.E611_F612insGYVDFREYEYDLKWEFRPRENLEF,inframe,insertion
FLT3,13,g.28018503_28018505del,c.2503_2505del,p.D835del,inframe,deletion
FLT3,13,g.28018500_28018502del,c.2506_2508del,p.I836del,inframe,deletion
FLT3,13,g.28018500_28018502delinsGTTCAT,c.2506_2508delinsATGAAC,p.I836delinsMN,inframe,indel
FLT3,13,g.28018490_28018491insTCCGGA,c.2520_2521insGGATCC,p.S840_N841insGS,inframe,insertion
HNF1B,17,g.37744841delG,c.46delC,p.L16Cfs,frameshift,deletion
KIT,4,g.54723601_54723609delinsAGGGGT,c.1249_1257delinsAGGGGT,p.T417_D419delinsRG,inframe,indel
KIT,4,g.54723601_54723609delinsATC,c.1249_1257delinsATC,p.T417_D419delinsI,inframe,indel
KIT,4,g.54723604_54723609del,c.1252_1257del,p.Y418_D419del,inframe,deletion
KIT,4,g.54723607_54723609del,c.1255_1257del,p.D419del,inframe,deletion
KIT,4,g.54726014_54726019dup,c.1504_1509dup,p.A502_Y503dup,inframe,duplication
KIT,4,g.54727416_54727433delinsATC,c.1648_1665delinsATC,p.K550_V555delinsI,inframe,indel
KIT,4,g.54727416_54727442del,c.1648_1674del,p.K550_K558del,inframe,deletion
KIT,4,g.54727416_54727442del27,c.1648_1674del27,p.K550_K558del,inframe,deletion
KIT,4,g.54727419_54727433del,c.1651_1665del,p.P551_V555del,inframe,deletion
KIT,4,g.54727425_54727436del,c.1657_1668del,p.Y553_Q556del,inframe,deletion
KIT,4,g.54727431_54727487del,c.1663_1719del,p.V555_P573del,inframe,deletion
KIT,4,g.54727437_54727439del,c.1669_1671del,p.W557del,inframe,deletion
KIT,4,g.54727437_54727442del,c.1669_1674del,p.W557_K558del,inframe,deletion
KIT,4,g.54727440_54727442del,c.1672_1674del,p.K558del,inframe,deletion
KIT,4,g.54727440_54727442delinsAACCCT,c.1672_1674delinsAACCCT,p.K558delinsNP,inframe,indel
KIT,4,g.54727443_54727445del,c.1675_1677del,p.V559del,inframe,deletion
KIT,4,g.54727443_54727448del,c.1675_1680del,p.V559_V560del,inframe,deletion
KIT,4,g.54727446_54727448del,c.1678_1680del,p.V560del,inframe,deletion
MAP2K1,15,g.66435118_66435132del,c.172_186del,p.Q58_E62del,inframe,deletion
MAP2K1,15,g.66435121_66435123del,c.175_177del,p.K59del,inframe,deletion
MLH1,3,g.37047639_37047641delAAG,c.1852_1854del,p.K618del,inframe,deletion
MLH1,3,g.37000960_37000962delAGA,c.213_215del,p.K70_E102del,inframe,deletion
MPL,1,g.43349337_43349348del,c.1543_1554del,p.W515_P518del,inframe,deletion
MUTYH,1,g.45331660_45331661dupCC,c.1186_1187insGG,p.E410Gfs,frameshift,insertion
NOTCH1,9,g.136496917_136496918insA,c.6821_6822insT,p.S2274Sfs,frameshift,insertion
NOTCH1,9,g.136496412delinsACA,c.7327delinsTGT,p.V2443Cfs,frameshift,indel
NOTCH1,9,g.136496197_136496198delAG,c.7541_7542delCT,p.P2514Rfs*4,frameshift,deletion
NPM1,5,g.171410540_171410543dupTCTG,c.860_863dupTCTG,p.W288Cfs,frameshift,duplication
NPM1,5,g.171410543_171410544insCATG,c.863_864insCATG,p.W288Cfs,frameshift,insertion
NPM1,5,g.171410543_171410544insCCTG,c.863_864insCCTG,p.W288Cfs,frameshift,insertion
NPM1,5,g.171410543_171410544insCGTG,c.863_864insCGTG,p.W288Cfs,frameshift,insertion
PALB2,16,g.23636317delA,c.229delT,p.C77Vfs,frameshift,deletion
PBRM1,3,.,c.3998_4005delATAGTGAG,p.D1333Gfs,frameshift,deletion
PDGFRA,4,g.54274866_54274880del15,c.1679_1693delGGGTCATTGAATCAA,p.R560_S564del,inframe,deletion
PDGFRA,4,g.54274867_54274868ins6,c.1680_1681ins6,p.V561_I562insER,inframe,insertion
PDGFRA,4,g.54274883_54274900delinsAGG,c.1696_1713delinsAGG,p.S566_E571delinsR,inframe,indel
PDGFRA,4,g.54285922_54285927delinsAAGATC,c.2521_2526delinsAAGATC,p.R841_D842delinsKI,inframe,indel
PDGFRA,4,g.54285925_54285930delinsATCATG,c.2524_2529delinsATCATG,p.D842_I843delinsIM,inframe,indel
PDGFRA,4,g.54285925_54285936del,c.2524_2535del,p.D842_H845del,inframe,deletion
PDGFRA,4,g.54285928_54285930del,c.2527_2529del,p.I843del,inframe,deletion
PDGFRA,4,g.54285928_54285939del,c.2527_2538del,p.I843_D846del,inframe,deletion
PDGFRA,4,g.54285934_54285945delinsCCT,c.2533_2544delinsCCT,p.H845_N848delinsP,inframe,indel
PIK3CA,3,g.179210279_179210299del,c.1345_1365del,p.P449_L455del,inframe,deletion
PIK3CA,3,g.179199141_179199149del,c.316_324del,p.G106_R108del,inframe,deletion
PIK3R1,5,g.68293784_68293789delinsAAC,c.1375_1380delinsAAC,p.K459_S460delinsN,inframe,indel
PIK3R1,5,g.68295257_68295274del,c.1678_1695del,p.D560_S565del,inframe,deletion
PIK3R1,5,g.68295305_68295307del,c.1726_1728del,p.T576del,inframe,deletion
PIK3R1,5,g.68295314_68295322delinsCTT,c.1735_1743delinsCTT,p.Q579_L581delinsL,inframe,indel
PMS2,7,g.5978679_5978683delAAGTT,c.2192_2196delTAACT,p.L731Cfs,frameshift,deletion
PTEN,10,g.87961047_87961049del,c.955_957del,p.T319del,inframe,deletion
RB1,13,g.48380182_48380184delACA,c.1439_1441delACA,p.N480del,inframe,deletion
RB1,13,g.48459810dupA,c.2083_2084insA,p.M695fs*26,frameshift,insertion
RET,10,g.43114494_43114499del,c.1894_1899del,p.E632_L633del,inframe,deletion
RET,10,g.43114499_43114500ins9,c.1899_1900ins9,p.L633_C634insCRT,inframe,insertion
RET,10,g.43114499ins12,c.1899_1900ins12,p.C634_R635insHELC,inframe,insertion
RET,10,.,c.2076_2081delTGTGCG,p.L629_D631delinsH,inframe,deletion
SMAD4,18,g.51065504delC,c.1037delC,p.P346Lfs*38,frameshift,deletion
SMAD4,18,g.51067123_51067126delACAG,c.1244_1247delACAG,p.D415fs,frameshift,deletion
SMAD4,18,g.51076672_51076694del23,c.1343_1365del23,p.Q448Rfs*37,frameshift,deletion
SMAD4,18,g.51078396delC,c.1588delC,p.R530Tfs*7,frameshift,deletion
SMAD4,18,g.51054934delC,c.608delC,p.P203Hfs*38,frameshift,deletion
TET2,4,g.105259686_105259703delinsGGTGGTAGCGGTGGTAGC,c.3871_3888delinsGGTGGTAGCGGTGGTAGC,p.W1291_N1296delinsGGSGGS,inframe,indel
TP53,17,g.7675131_7675137dupCCATGGC,c.475_481dupGCCATGG,p.A161Gfs,frameshift,duplication
